{
      "auto_generated_queries": {
            "topic": 16,
            "query": [
                  {
                        "proportion": 0.112987012987013,
                        "terms": [
                              "1279282"
                        ]
                  },
                  {
                        "proportion": 0.212987012987013,
                        "terms": [
                              "1279282",
                              "2017",
                              "1299",
                              "1268",
                              "protocol",
                              "quirement",
                              "2016",
                              "1304",
                              "wl"
                        ]
                  },
                  {
                        "proportion": 0.31298701298701304,
                        "terms": [
                              "1279282",
                              "2017",
                              "1299",
                              "1268",
                              "protocol",
                              "quirement",
                              "2016",
                              "1304",
                              "wl",
                              "clarification",
                              "perverse",
                              "inmates",
                              "sotomayor",
                              "apr",
                              "840",
                              "harbor",
                              "ala"
                        ]
                  },
                  {
                        "proportion": 0.412987012987013,
                        "terms": [
                              "1279282",
                              "2017",
                              "1299",
                              "1268",
                              "protocol",
                              "quirement",
                              "2016",
                              "1304",
                              "wl",
                              "clarification",
                              "perverse",
                              "inmates",
                              "sotomayor",
                              "apr",
                              "840",
                              "harbor",
                              "ala",
                              "wisdom",
                              "ca",
                              "guidance",
                              "arthur",
                              "dept",
                              "dis",
                              "cert",
                              "senting"
                        ]
                  },
                  {
                        "proportion": 0.512987012987013,
                        "terms": [
                              "1279282",
                              "2017",
                              "1299",
                              "1268",
                              "protocol",
                              "quirement",
                              "2016",
                              "1304",
                              "wl",
                              "clarification",
                              "perverse",
                              "inmates",
                              "sotomayor",
                              "apr",
                              "840",
                              "harbor",
                              "ala",
                              "wisdom",
                              "ca",
                              "guidance",
                              "arthur",
                              "dept",
                              "dis",
                              "cert",
                              "senting",
                              "alternative",
                              "death",
                              "divided",
                              "pet",
                              "denial",
                              "methods",
                              "ohio"
                        ]
                  },
                  {
                        "proportion": 0.612987012987013,
                        "terms": [
                              "1279282",
                              "2017",
                              "1299",
                              "1268",
                              "protocol",
                              "quirement",
                              "2016",
                              "1304",
                              "wl",
                              "clarification",
                              "perverse",
                              "inmates",
                              "sotomayor",
                              "apr",
                              "840",
                              "harbor",
                              "ala",
                              "wisdom",
                              "ca",
                              "guidance",
                              "arthur",
                              "dept",
                              "dis",
                              "cert",
                              "senting",
                              "alternative",
                              "death",
                              "divided",
                              "pet",
                              "denial",
                              "methods",
                              "ohio",
                              "significant",
                              "compare",
                              "life",
                              "commissioner",
                              "re",
                              "offer",
                              "app",
                              "n"
                        ]
                  },
                  {
                        "proportion": 0.712987012987013,