{
      "auto_generated_queries": {
            "topic": 16,
            "query": [
                  {
                        "proportion": 0.112987012987013,
                        "terms": [
                              "2017"
                        ]
                  },
                  {
                        "proportion": 0.212987012987013,
                        "terms": [
                              "2017",
                              "6",
                              "ca",
                              "executions",
                              "execution",
                              "imposing",
                              "imposed",
                              "re",
                              "1"
                        ]
                  },
                  {
                        "proportion": 0.31298701298701304,
                        "terms": [
                              "2017",
                              "6",
                              "ca",
                              "executions",
                              "execution",
                              "imposing",
                              "imposed",
                              "re",
                              "1",
                              "11",
                              "1268",
                              "1279282",
                              "1299",
                              "1304",
                              "2016",
                              "3",
                              "4"
                        ]
                  },
                  {
                        "proportion": 0.412987012987013,
                        "terms": [
                              "2017",
                              "6",
                              "ca",
                              "executions",
                              "execution",
                              "imposing",
                              "imposed",
                              "re",
                              "1",
                              "11",
                              "1268",
                              "1279282",
                              "1299",
                              "1304",
                              "2016",
                              "3",
                              "4",
                              "5",
                              "7",
                              "840",
                              "9",
                              "about",
                              "ala",
                              "also",
                              "alternative"
                        ]
                  },
                  {
                        "proportion": 0.512987012987013,
                        "terms": [
                              "2017",
                              "6",
                              "ca",
                              "executions",
                              "execution",
                              "imposing",
                              "imposed",
                              "re",
                              "1",
                              "11",
                              "1268",
                              "1279282",
                              "1299",
                              "1304",
                              "2016",
                              "3",
                              "4",
                              "5",
                              "7",
                              "840",
                              "9",
                              "about",
                              "ala",
                              "also",
                              "alternative",
                              "app",
                              "apr",
                              "arthur",
                              "cert",
                              "certiorari",
                              "circuits",
                              "clarification"
                        ]
                  },
                  {
                        "proportion": 0.612987012987013,
                        "terms": [
                              "2017",
                              "6",
                              "ca",
                              "executions",
                              "execution",
                              "imposing",
                              "imposed",
                              "re",
                              "1",
                              "11",
                              "1268",
                              "1279282",
                              "1299",
                              "1304",
                              "2016",
                              "3",
                              "4",
                              "5",
                              "7",
                              "840",
                              "9",
                              "about",
                              "ala",
                              "also",
                              "alternative",
                              "app",
                              "apr",
                              "arthur",
                              "cert",
                              "certiorari",
                              "circuits",
                              "clarification",
                              "commissioner",
                              "compare",
                              "consequences",
                              "continue",
                              "corrections",
                              "court",
                              "d",
                              "death"
                        ]
                  },
                  {
                        "proportion": 0.712987012987013,
                        "terms": [
                              "2017",
                              "6",
                              "ca",
                              "executions",
                              "execution",
                              "imposing",
                              "imposed",
                              "re",
                              "1",
                              "11",
                              "1268",
                              "1279282",
                              "1299",
                              "1304",
                              "2016",
                              "3",
                              "4",
                              "5",
                              "7",
                              "840",
                              "9",
                              "about",
                              "ala",
                              "also",
                              "alternative",
                              "app",
                              "apr",
                              "arthur",
                              "cert",
                              "certiorari",
                              "circuits",
                              "clarification",
                              "commissioner",
                              "compare",
                              "consequences",
                              "continue",
                              "corrections",
                              "court",
                              "d",
                              "death",
                              "denial",
                              "dept",
                              "dis",
                              "divided",
                              "doubts",
                              "f",
                              "from",
                              "given"
                        ]
                  },
                  {
                        "proportion": 0.8129870129870129,