{
      "auto_generated_queries": {
            "topic": 6,
            "query": [
                  {
                        "proportion": 0.1142857142857143,
                        "terms": [
                              "trafficante"
                        ]
                  },
                  {
                        "proportion": 0.2142857142857143,
                        "terms": [
                              "trafficante",
                              "bellwood",
                              "fha",
                              "gladstone",
                              "realtors",
                              "1286",
                              "1266",
                              "1258"
                        ]
                  },
                  {
                        "proportion": 0.3142857142857143,
                        "terms": [
                              "trafficante",
                              "bellwood",
                              "fha",
                              "gladstone",
                              "realtors",
                              "1286",
                              "1266",
                              "1258",
                              "1275",
                              "1278",
                              "1262",
                              "1274",
                              "1277",
                              "1267",
                              "2015",
                              "ests"
                        ]
                  },
                  {
                        "proportion": 0.41428571428571426,
                        "terms": [
                              "trafficante",
                              "bellwood",
                              "fha",
                              "gladstone",
                              "realtors",
                              "1286",
                              "1266",
                              "1258",
                              "1275",
                              "1278",
                              "1262",
                              "1274",
                              "1277",
                              "1267",
                              "2015",
                              "ests",
                              "realty",
                              "havens",
                              "zone",
                              "801",
                              "coleman",
                              "proximate"
                        ]
                  },
                  {
                        "proportion": 0.5142857142857142,
                        "terms": [
                              "trafficante",
                              "bellwood",
                              "fha",
                              "gladstone",
                              "realtors",
                              "1286",
                              "1266",
                              "1258",
                              "1275",
                              "1278",
                              "1262",
                              "1274",
                              "1277",
                              "1267",
                              "2015",
                              "ests",
                              "realty",
                              "havens",
                              "zone",
                              "801",
                              "coleman",
                              "proximate",
                              "village",
                              "metropolitan",
                              "800",
                              "ca",
                              "409",
                              "455",
                              "363"
                        ]
                  },
                  {
                        "proportion": 0.6142857142857142,
                        "terms": [
                              "trafficante",
                              "bellwood",
                              "fha",
                              "gladstone",
                              "realtors",
                              "1286",
                              "1266",
                              "1258",
                              "1275",
                              "1278",
                              "1262",
                              "1274",
                              "1277",
                              "1267",
                              "2015",
                              "ests",
                              "realty",
                              "havens",
                              "zone",
                              "801",
                              "coleman",
                              "proximate",
                              "village",
                              "metropolitan",
                              "800",
                              "ca",
                              "409",
                              "455",
                              "363",
                              "441",
                              "inter",
                              "1982",
                              "1979",
                              "205",
                              "1972",
                              "91"
                        ]
                  },
                  {
                        "proportion": 0.7142857142857142,
                        "terms": [
                              "trafficante",
                              "bellwood",
                              "fha",
                              "gladstone",
                              "realtors",
                              "1286",
                              "1266",
                              "1258",
                              "1275",
                              "1278",
                              "1262",
                              "1274",
                              "1277",
                              "1267",
                              "2015",
                              "ests",
                              "realty",
                              "havens",
                              "zone",
                              "801",
                              "coleman",
                              "proximate",
                              "village",
                              "metropolitan",
                              "800",
                              "ca",
                              "409",
                              "455",
                              "363",
                              "441",
                              "inter",
                              "1982",
                              "1979",
                              "205",
                              "1972",
                              "91",
                              "corp",
                              "injuries",
                              "adequately",
                              "life",
                              "u",
                              "fall",
                              "complaints"
                        ]
                  },
                  {
                        "proportion": 0.8142857142857142,